Date,ASIN,BSR
2026-05-10,B0GR8W5PZ2,N/A
2026-05-10,B0C9XYZ123,N/A
2026-05-11,B0GR8W5PZ2,N/A
2026-05-11,B0C9XYZ123,N/A
2026-05-12,B0GR8W5PZ2,N/A
2026-05-12,B0C9XYZ123,N/A
2026-05-13,B0GR8W5PZ2,N/A
2026-05-13,B0C9XYZ123,N/A
2026-05-14,B0GR8W5PZ2,N/A
2026-05-14,B0C9XYZ123,N/A
2026-05-15,B0GR8W5PZ2,N/A
2026-05-15,B0C9XYZ123,N/A
2026-05-16,B0GR8W5PZ2,N/A
2026-05-16,B0C9XYZ123,N/A
2026-05-17,B0GR8W5PZ2,N/A
2026-05-17,B0C9XYZ123,N/A
2026-05-18,B0GR8W5PZ2,N/A
2026-05-18,B0C9XYZ123,N/A
2026-05-19,B0GR8W5PZ2,N/A
2026-05-19,B0C9XYZ123,N/A
2026-05-20,B0GR8W5PZ2,N/A
2026-05-20,B0C9XYZ123,N/A
2026-05-21,B0GR8W5PZ2,N/A
2026-05-21,B0C9XYZ123,N/A
2026-05-22,B0GR8W5PZ2,N/A
2026-05-22,B0C9XYZ123,N/A
2026-05-23,B0GR8W5PZ2,N/A
2026-05-23,B0C9XYZ123,N/A
2026-05-24,B0GR8W5PZ2,N/A
2026-05-24,B0C9XYZ123,N/A
2026-05-25,B0GR8W5PZ2,N/A
2026-05-25,B0C9XYZ123,N/A
2026-05-28,B0GR8W5PZ2,N/A
2026-05-28,B0C9XYZ123,N/A
2026-05-29,B0GR8W5PZ2,N/A
2026-05-29,B0C9XYZ123,N/A
2026-05-30,B0GR8W5PZ2,N/A
2026-05-30,B0C9XYZ123,N/A
