Date,Keyword,Total_Competition
2026-05-10,gay shifter,N/A
2026-05-10,mm omegaverse,N/A
2026-05-10,gay viking captive,N/A
2026-05-11,gay shifter,N/A
2026-05-11,mm omegaverse,N/A
2026-05-11,gay viking captive,N/A
2026-05-12,gay shifter,N/A
2026-05-12,mm omegaverse,N/A
2026-05-12,gay viking captive,N/A
2026-05-13,gay shifter,N/A
2026-05-13,mm omegaverse,N/A
2026-05-13,gay viking captive,N/A
2026-05-14,gay shifter,N/A
2026-05-14,mm omegaverse,N/A
2026-05-14,gay viking captive,N/A
2026-05-15,gay shifter,"1-48 of over 10,000"
2026-05-15,mm omegaverse,N/A
2026-05-15,gay viking captive,N/A
2026-05-16,gay shifter,N/A
2026-05-16,mm omegaverse,N/A
2026-05-16,gay viking captive,N/A
2026-05-17,gay shifter,N/A
2026-05-17,mm omegaverse,N/A
2026-05-17,gay viking captive,N/A
2026-05-18,gay shifter,N/A
2026-05-18,mm omegaverse,N/A
2026-05-18,gay viking captive,N/A
2026-05-19,gay shifter,N/A
2026-05-19,mm omegaverse,N/A
2026-05-19,gay viking captive,N/A
2026-05-20,gay shifter,N/A
2026-05-20,mm omegaverse,N/A
2026-05-20,gay viking captive,N/A
2026-05-21,gay shifter,N/A
2026-05-21,mm omegaverse,N/A
2026-05-21,gay viking captive,N/A
2026-05-22,gay shifter,N/A
2026-05-22,mm omegaverse,N/A
2026-05-22,gay viking captive,N/A
2026-05-23,gay shifter,N/A
2026-05-23,mm omegaverse,N/A
2026-05-23,gay viking captive,N/A
2026-05-24,gay shifter,N/A
2026-05-24,mm omegaverse,N/A
2026-05-24,gay viking captive,N/A
2026-05-25,gay shifter,N/A
2026-05-25,mm omegaverse,N/A
2026-05-25,gay viking captive,N/A
2026-05-28,gay shifter,N/A
2026-05-28,mm omegaverse,N/A
2026-05-28,gay viking captive,N/A
2026-05-29,gay shifter,N/A
2026-05-29,mm omegaverse,N/A
2026-05-29,gay viking captive,N/A
2026-05-30,gay shifter,"1-48 of over 10,000"
2026-05-30,mm omegaverse,N/A
2026-05-30,gay viking captive,N/A
2026-05-31,gay shifter,N/A
2026-05-31,mm omegaverse,N/A
2026-05-31,gay viking captive,N/A
2026-06-01,gay shifter,N/A
2026-06-01,mm omegaverse,N/A
2026-06-01,gay viking captive,N/A
2026-06-02,gay shifter,N/A
2026-06-02,mm omegaverse,N/A
2026-06-02,gay viking captive,N/A
2026-06-03,gay shifter,N/A
2026-06-03,mm omegaverse,N/A
2026-06-03,gay viking captive,1-16 of 44
2026-06-04,gay shifter,"1-48 of over 10,000"
2026-06-04,mm omegaverse,N/A
2026-06-04,gay viking captive,N/A
2026-06-05,gay shifter,N/A
2026-06-05,mm omegaverse,N/A
2026-06-05,gay viking captive,N/A
2026-06-06,gay shifter,N/A
2026-06-06,mm omegaverse,N/A
2026-06-06,gay viking captive,1-16 of 39
2026-06-07,gay shifter,N/A
2026-06-07,mm omegaverse,N/A
2026-06-07,gay viking captive,N/A
2026-06-08,gay shifter,N/A
2026-06-08,mm omegaverse,N/A
2026-06-08,gay viking captive,N/A
2026-06-09,gay shifter,"1-48 of over 10,000"
2026-06-09,mm omegaverse,"1-48 of over 5,000"
2026-06-09,gay viking captive,1-16 of 26
2026-06-10,gay shifter,N/A
2026-06-10,mm omegaverse,N/A
2026-06-10,gay viking captive,N/A
2026-06-11,gay shifter,"1-48 of over 10,000"
2026-06-11,mm omegaverse,"1-48 of over 5,000"
2026-06-11,gay viking captive,1-16 of 26
2026-06-12,gay shifter,"1-48 of over 10,000"
2026-06-12,mm omegaverse,"1-48 of over 5,000"
2026-06-12,gay viking captive,1-16 of 45
2026-06-13,gay shifter,N/A
2026-06-13,mm omegaverse,N/A
2026-06-13,gay viking captive,N/A
2026-06-14,gay shifter,"1-48 of over 30,000"
2026-06-14,mm omegaverse,"1-48 of over 4,000"
2026-06-14,gay viking captive,1-16 of 51
2026-06-15,gay shifter,"1-48 of over 10,000"
2026-06-15,mm omegaverse,"1-48 of over 4,000"
2026-06-15,gay viking captive,1-16 of 52
2026-06-16,gay shifter,N/A
2026-06-16,mm omegaverse,N/A
2026-06-16,gay viking captive,N/A
2026-06-17,gay shifter,"1-48 of over 10,000"
2026-06-17,mm omegaverse,"1-48 of over 4,000"
2026-06-17,gay viking captive,1-16 of 39
2026-06-18,gay shifter,"1-48 of over 10,000"
2026-06-18,mm omegaverse,"1-48 of over 5,000"
2026-06-18,gay viking captive,1-16 of 43
2026-06-19,gay shifter,N/A
2026-06-19,mm omegaverse,N/A
2026-06-19,gay viking captive,N/A
2026-06-20,gay shifter,N/A
2026-06-20,mm omegaverse,N/A
2026-06-20,gay viking captive,N/A
2026-06-21,gay shifter,N/A
2026-06-21,mm omegaverse,N/A
2026-06-21,gay viking captive,N/A
2026-06-22,gay shifter,N/A
2026-06-22,mm omegaverse,N/A
2026-06-22,gay viking captive,N/A
2026-06-23,gay shifter,N/A
2026-06-23,mm omegaverse,N/A
2026-06-23,gay viking captive,N/A
2026-06-24,gay shifter,N/A
2026-06-24,mm omegaverse,N/A
2026-06-24,gay viking captive,N/A
2026-06-25,gay shifter,N/A
2026-06-25,mm omegaverse,N/A
2026-06-25,gay viking captive,N/A
2026-06-26,gay shifter,"1-48 of over 10,000"
2026-06-26,mm omegaverse,"1-48 of over 4,000"
2026-06-26,gay viking captive,1-16 of 42
2026-06-27,gay shifter,N/A
2026-06-27,mm omegaverse,N/A
2026-06-27,gay viking captive,N/A
2026-06-28,gay shifter,N/A
2026-06-28,mm omegaverse,N/A
2026-06-28,gay viking captive,N/A
2026-06-29,gay shifter,N/A
2026-06-29,mm omegaverse,N/A
2026-06-29,gay viking captive,N/A
2026-06-30,gay shifter,N/A
2026-06-30,mm omegaverse,"1-48 of over 5,000"
2026-06-30,gay viking captive,N/A
2026-07-01,gay shifter,N/A
2026-07-01,mm omegaverse,N/A
2026-07-01,gay viking captive,1-16 of 42
2026-07-02,gay shifter,"1-48 of over 10,000"
2026-07-02,mm omegaverse,"1-48 of over 6,000"
2026-07-02,gay viking captive,1-16 of 281
2026-07-03,gay shifter,"1-48 of over 10,000"
2026-07-03,mm omegaverse,"1-48 of over 5,000"
2026-07-03,gay viking captive,1-16 of 40
2026-07-04,gay shifter,"1-48 of over 10,000"
2026-07-04,mm omegaverse,"1-48 of over 5,000"
2026-07-04,gay viking captive,1-16 of 44
2026-07-05,gay shifter,N/A
2026-07-05,mm omegaverse,N/A
2026-07-05,gay viking captive,N/A
2026-07-06,gay shifter,N/A
2026-07-06,mm omegaverse,N/A
2026-07-06,gay viking captive,N/A
2026-07-07,gay shifter,N/A
2026-07-07,mm omegaverse,N/A
2026-07-07,gay viking captive,N/A
2026-07-08,gay shifter,N/A
2026-07-08,mm omegaverse,N/A
2026-07-08,gay viking captive,N/A
2026-07-09,gay shifter,N/A
2026-07-09,mm omegaverse,N/A
2026-07-09,gay viking captive,N/A
2026-07-10,gay shifter,N/A
2026-07-10,mm omegaverse,N/A
2026-07-10,gay viking captive,N/A
2026-07-11,gay shifter,"1-48 of over 10,000"
2026-07-11,mm omegaverse,N/A
2026-07-11,gay viking captive,N/A
2026-07-12,gay shifter,N/A
2026-07-12,mm omegaverse,N/A
2026-07-12,gay viking captive,N/A
2026-07-13,gay shifter,"1-48 of over 10,000"
2026-07-13,mm omegaverse,"1-48 of over 5,000"
2026-07-13,gay viking captive,1-16 of 43
2026-07-14,gay shifter,N/A
2026-07-14,mm omegaverse,N/A
2026-07-14,gay viking captive,N/A
2026-07-15,gay shifter,"1-48 of over 10,000"
2026-07-15,mm omegaverse,N/A
2026-07-15,gay viking captive,N/A
2026-07-16,gay shifter,"1-48 of over 10,000"
2026-07-16,mm omegaverse,"1-48 of over 5,000"
2026-07-16,gay viking captive,1-16 of 46
2026-07-17,gay shifter,N/A
2026-07-17,mm omegaverse,N/A
2026-07-17,gay viking captive,N/A
2026-07-18,gay shifter,N/A
2026-07-18,mm omegaverse,N/A
2026-07-18,gay viking captive,N/A
2026-07-19,gay shifter,N/A
2026-07-19,mm omegaverse,N/A
2026-07-19,gay viking captive,N/A
2026-07-20,gay shifter,N/A
2026-07-20,mm omegaverse,N/A
2026-07-20,gay viking captive,N/A
2026-07-21,gay shifter,N/A
2026-07-21,mm omegaverse,N/A
2026-07-21,gay viking captive,N/A
2026-07-22,gay shifter,N/A
2026-07-22,mm omegaverse,N/A
2026-07-22,gay viking captive,N/A
2026-07-23,gay shifter,N/A
2026-07-23,mm omegaverse,N/A
2026-07-23,gay viking captive,N/A
2026-07-24,gay shifter,N/A
2026-07-24,mm omegaverse,N/A
2026-07-24,gay viking captive,N/A
2026-07-25,gay shifter,N/A
2026-07-25,mm omegaverse,N/A
2026-07-25,gay viking captive,N/A
2026-07-26,gay shifter,N/A
2026-07-26,mm omegaverse,N/A
2026-07-26,gay viking captive,N/A
2026-07-27,gay shifter,N/A
2026-07-27,mm omegaverse,N/A
2026-07-27,gay viking captive,N/A
2026-07-28,gay shifter,N/A
2026-07-28,mm omegaverse,N/A
2026-07-28,gay viking captive,N/A
2026-07-29,gay shifter,N/A
2026-07-29,mm omegaverse,N/A
2026-07-29,gay viking captive,N/A
2026-07-30,gay shifter,N/A
2026-07-30,mm omegaverse,N/A
2026-07-30,gay viking captive,N/A
2026-07-31,gay shifter,N/A
2026-07-31,mm omegaverse,N/A
2026-07-31,gay viking captive,N/A
2026-08-01,gay shifter,"1-48 of over 10,000"
2026-08-01,mm omegaverse,N/A
2026-08-01,gay viking captive,N/A
2026-08-02,gay shifter,N/A
2026-08-02,mm omegaverse,N/A
2026-08-02,gay viking captive,N/A
2026-08-03,gay shifter,N/A
2026-08-03,mm omegaverse,N/A
2026-08-03,gay viking captive,N/A
2026-08-04,gay shifter,N/A
2026-08-04,mm omegaverse,N/A
2026-08-04,gay viking captive,N/A
2026-08-05,gay shifter,N/A
2026-08-05,mm omegaverse,N/A
2026-08-05,gay viking captive,N/A
2026-08-06,gay shifter,N/A
2026-08-06,mm omegaverse,N/A
2026-08-06,gay viking captive,N/A
2026-08-07,gay shifter,N/A
2026-08-07,mm omegaverse,N/A
2026-08-07,gay viking captive,N/A
2026-08-08,gay shifter,N/A
2026-08-08,mm omegaverse,N/A
2026-08-08,gay viking captive,N/A
2026-08-09,gay shifter,N/A
2026-08-09,mm omegaverse,N/A
2026-08-09,gay viking captive,N/A
2026-08-10,gay shifter,N/A
2026-08-10,mm omegaverse,N/A
2026-08-10,gay viking captive,N/A
2026-08-11,gay shifter,N/A
2026-08-11,mm omegaverse,N/A
2026-08-11,gay viking captive,N/A
2026-08-12,gay shifter,N/A
2026-08-12,mm omegaverse,N/A
2026-08-12,gay viking captive,N/A
2026-08-13,gay shifter,N/A
2026-08-13,mm omegaverse,N/A
2026-08-13,gay viking captive,N/A
2026-08-14,gay shifter,N/A
2026-08-14,mm omegaverse,N/A
2026-08-14,gay viking captive,N/A
2026-08-15,gay shifter,N/A
2026-08-15,mm omegaverse,N/A
2026-08-15,gay viking captive,N/A
2026-08-16,gay shifter,N/A
2026-08-16,mm omegaverse,N/A
2026-08-16,gay viking captive,N/A
2026-08-17,gay shifter,N/A
2026-08-17,mm omegaverse,N/A
2026-08-17,gay viking captive,N/A
2026-08-18,gay shifter,N/A
2026-08-18,mm omegaverse,N/A
2026-08-18,gay viking captive,N/A
2026-08-19,gay shifter,N/A
2026-08-19,mm omegaverse,N/A
2026-08-19,gay viking captive,N/A
2026-08-20,gay shifter,N/A
2026-08-20,mm omegaverse,N/A
2026-08-20,gay viking captive,N/A
2026-08-21,gay shifter,N/A
2026-08-21,mm omegaverse,N/A
2026-08-21,gay viking captive,N/A
2026-08-22,gay shifter,N/A
2026-08-22,mm omegaverse,N/A
2026-08-22,gay viking captive,N/A
2026-08-23,gay shifter,N/A
2026-08-23,mm omegaverse,N/A
2026-08-23,gay viking captive,N/A
2026-08-24,gay shifter,N/A
2026-08-24,mm omegaverse,"1-48 of over 5,000"
2026-08-24,gay viking captive,N/A
2026-08-25,gay shifter,N/A
2026-08-25,mm omegaverse,N/A
2026-08-25,gay viking captive,N/A
2026-08-26,gay shifter,N/A
2026-08-26,mm omegaverse,N/A
2026-08-26,gay viking captive,N/A
2026-08-27,gay shifter,N/A
2026-08-27,mm omegaverse,N/A
2026-08-27,gay viking captive,N/A
2026-08-28,gay shifter,N/A
2026-08-28,mm omegaverse,N/A
2026-08-28,gay viking captive,N/A
