Date_Checked,Seed_Keyword,Long_Tail_Keyword,Autocomplete_Rank
2026-09-15,gay shifter,gay shifter mates,1
2026-09-15,gay shifter,gay shifter romance m/m,1
2026-09-15,gay shifter,gay shifter series,1
2026-09-15,mm omegaverse,mm omegaverse mpreg romance,1
2026-09-15,mm omegaverse,mm omegaverse bundle,1
2026-09-15,mm omegaverse,mm omegaverse free kindle,1
2026-09-15,mm omegaverse,mm omegaverse hurt/comfort,1
2026-09-15,mm omegaverse,mm omegaverse mafia romance,1
2026-09-15,mm omegaverse,mm omegaverse novel,1
2026-09-15,mm omegaverse,mm omegaverse shifter,1
2026-09-15,mm omegaverse,mm omegaverse wolf shifter,1
2026-09-15,gay viking,gay viking romance,1
2026-09-15,gay viking,gay viking novel,1
2026-09-15,gay monster romance,gay monster romance,1
2026-09-15,mm paranormal,mm paranormal werewolves & shifters romance,1
2026-09-15,mm paranormal,mm paranormal college romance,1
2026-09-15,mm paranormal,mm paranormal fantasy romance,1
2026-09-15,mm paranormal,mm paranormal mystery,1
2026-09-15,mm paranormal,mm paranormal romance kindle free,1
